title,company,location,link
"
Senior Data Engineer
","
ReadyTal ",ğŸŒ Worldwide,/remote-jobs/107704-remote-senior-data-engineer-readytal
"
Senior Developer Fellowship
","
Commit ",ğŸ‡¨ğŸ‡¦ CA,/remote-jobs/107681-remote-senior-dev-fellowship-commit
"
Senior Backend Developer
","
Solar Monkey ",ğŸŒ Worldwide,/remote-jobs/107644-remote-senior-backend-developer-solar-monkey
"
Senior Python Developer
","
Toptal ",ğŸŒ Worldwide,/remote-jobs/107564-remote-senior-python-developer-toptal
"
Internal Tools Engineer
","
NOCD ",ğŸ‡ºğŸ‡¸ US,/remote-jobs/107536-remote-internal-tools-engineer-nocd
"
Senior Backend Engineer
","
Intent Technologies ",ğŸ‡ªğŸ‡º EU,/remote-jobs/107519-remote-senior-backend-engineer-intent-technologies
"
Python Developer
","
Ampcontrol.io ",ğŸŒ Worldwide,/remote-jobs/107426-remote-python-developer-ampcontrol-io
"
Senior Python Developer
","
Laskie ",Latin America,/remote-jobs/107367-remote-senior-python-developer-laskie
"
Full Stack Developer
","
Brenger ","Europe, (Cest +/- 1hour)",/remote-jobs/107362-remote-full-stack-developer-brenger
"
Data Analytics Manager
","
Doximity ",ğŸ‡ºğŸ‡¸ US,/remote-jobs/107099-remote-data-analytics-manager-doximity
"
Sr Software Engineer Data Platform
","
Doximity ",ğŸ‡ºğŸ‡¸ US,/remote-jobs/107061-remote-sr-software-engineer-data-platform-doximity
"
Data Engineer Data Integration
","
Doximity ",ğŸ‡ºğŸ‡¸ US,/remote-jobs/107057-remote-data-engineer-data-integration-doximity
"
Sr Software Engineer Data Infrastructure
","
Doximity ",North America,/remote-jobs/107056-remote-sr-software-engineer-data-infrastructure-doximity
"
Software Engineer Backend
","
bit.io ",The Americas,/remote-jobs/106961-remote-software-engineer-backend-bit-io
"
Machine Learning Engineer
","
Carted ",ğŸŒ Worldwide,/remote-jobs/106824-remote-machine-learning-engineer-carted
"
Full Stack Engineer
","
Real Vision ","Usa, Uk",/remote-jobs/105894-remote-full-stack-engineer-real-vision
"
Python Web Application Developer
","
Cipher Tech Solutions ",ğŸ’° $60k - $110k*,/remote-jobs/107537-remote-python-web-application-developer-cipher-tech-solutions
"
Senior Full Stack Developer
","
ReadyTal ",ğŸŒ Worldwide,/remote-jobs/107209-remote-senior-full-stack-developer-readytal
"
Senior Data Engineer
","
Tribes.AI ",ğŸŒ Worldwide,/remote-jobs/107199-remote-senior-data-engineer-tribes-ai
"
Full Stack Software Engineer
","
Prominent Edge ",ğŸŒ Worldwide,/remote-jobs/107096-remote-full-stack-software-engineer-prominent-edge
"
Full Stack Developer
","
AML Software ",USA & Canada,/remote-jobs/107002-remote-full-stack-developer-aml-software
"
Full Stack Developer
","
Raketech Group ",ğŸ‡ªğŸ‡º EU,/remote-jobs/106973-remote-full-stack-developer-raketech-group
"
Senior Backend Python Developer
","
Laskie ",Latin America,/remote-jobs/106934-remote-senior-backend-python-developer-laskie
"
Machine Learning Engineer for Large Scale ML Project
","
OneSecondDelivery ","Eastern Europe, Latin America, South Asia, Middle East/africa",/remote-jobs/106921-remote-machine-learning-engineer-for-large-scale-ml-project-oneseconddelivery
"
Senior Python Engineer
","
Qredo ",ğŸŒ Worldwide,/remote-jobs/106876-remote-senior-python-engineer-qredo
"
Full Stack Engineer
","
YourStake ",ğŸŒ Worldwide,/remote-jobs/106774-remote-full-stack-engineer-yourstake
"
Senior Software Engineer
","
Harness Network ",California,/remote-jobs/106721-remote-senior-software-engineer-harness-network
"
Senior Python Developer
","
Theme Analytics ",ğŸŒ Worldwide,/remote-jobs/106691-remote-senior-python-developer-theme-analytics
"
Senior Software Developer
","
Steadily ",ğŸŒ Worldwide,/remote-jobs/106620-remote-senior-software-developer-steadily
"
Full Stack Software Developer
","
Art+Logic ",United States and Canada,/remote-jobs/106607-remote-full-stack-software-developer-art-logic
"
Senior Fullstack Engineer
","
Athelas ",ğŸŒ Worldwide,/remote-jobs/106521-remote-senior-fullstack-engineer-athelas
"
Senior Software Engineer
","
Tucows ",ğŸŒ Worldwide,/remote-jobs/106398-remote-senior-software-engineer-tucows
"
Perl Software Developer
","
Tucows ",ğŸŒ Worldwide,/remote-jobs/106397-remote-perl-software-developer-tucows
"
Security Engineer
","
Argyle ",ğŸŒ Worldwide,/remote-jobs/106289-remote-security-engineer-argyle
"
Software Engineer
","
Capchase ",ğŸ‡ªğŸ‡º EU,/remote-jobs/106179-remote-software-engineer-capchase
"
Python Developer
","
2amigos Consulting Group ",Latin America,/remote-jobs/106172-remote-python-developer-2amigos-consulting-group
"
Systems Engineer Kafka Specialist
","
Tucows ",ğŸŒ Worldwide,/remote-jobs/106148-remote-systems-engineer-kafka-specialist-tucows
"
Senior Full Stack Engineer
","
Hatchways ",North America,/remote-jobs/106146-remote-senior-full-stack-engineer-hatchways
"
Technical Writer
","
Ethyca ",ğŸ‡ºğŸ‡¸ US,/remote-jobs/106144-remote-technical-writer-ethyca
"
Python Team Lead Software Engineer
","
Tucows ",ğŸŒ Worldwide,/remote-jobs/106133-remote-python-team-lead-software-engineer-tucows
"
Full Stack Developer
","
Gower St ",United Kingdom,/remote-jobs/106035-remote-full-stack-developer-gower-st
"
Python Developer
","
Ampcontrol ",ğŸŒ Worldwide,/remote-jobs/106033-remote-python-developer-ampcontrol
"
Senior Fullstack Developer
","
SellerLot ",ğŸŒ Worldwide,/remote-jobs/106029-remote-senior-fullstack-developer-sellerlot
"
Lead Engineer Full Stack
","
Keen ",ğŸ‡ºğŸ‡¸ US,/remote-jobs/105964-remote-lead-engineer-full-stack-keen
"
Python Engineer
","
Somus OÃœ ",ğŸŒ Worldwide,/remote-jobs/105943-remote-python-engineer-somus-ou
"
DevOps Engineer
","
Tucows ",ğŸŒ Worldwide,/remote-jobs/105928-remote-devops-engineer-tucows
"
Senior Software Engineer
","
Tucows ",ğŸŒ Worldwide,/remote-jobs/105913-remote-senior-software-engineer-tucows
"
Systems Engineer
","
Tucows ",ğŸŒ Worldwide,/remote-jobs/105911-remote-systems-engineer-tucows
"
Intermediate DevOps Engineer
","
Tucows ",ğŸŒ Worldwide,/remote-jobs/105910-remote-intermediate-devops-engineer-tucows
"
Senior Data Engineer 100
","
Remotesome ","Latam, US, Canada",/remote-jobs/105836-remote-senior-data-engineer-100-remotesome
"
Perl Software Developer
","
Tucows ",ğŸŒ Worldwide,/remote-jobs/105824-remote-perl-software-developer-tucows
"
Senior Software Engineer
","
Tucows ",ğŸŒ Worldwide,/remote-jobs/105823-remote-senior-software-engineer-tucows
"
Software Engineer
","
Tucows ",ğŸŒ Worldwide,/remote-jobs/105822-remote-software-engineer-tucows
"
Tech Lead Senior Startup Engineer Fellowship
","
Commit ",North America,/remote-jobs/105798-remote-tech-lead-senior-startup-engineer-fellowship-commit
"
Senior Backend Python Developer
","
Laskie ",Latin America,/remote-jobs/105780-remote-senior-backend-python-developer-laskie
"
Software Engineer
","
Cash Flow Portal ",North America,/remote-jobs/105770-remote-software-engineer-cash-flow-portal
"
Senior Software Engineer
","
UpLift ",ğŸŒ Worldwide,/remote-jobs/105729-remote-senior-software-engineer-uplift
"
Lead Backend Engineer
","
Koia ",ğŸ‡ªğŸ‡º EU,/remote-jobs/105718-remote-lead-backend-engineer-koia
"
Software Engineer
","
Hades ",ğŸŒ Worldwide,/remote-jobs/105618-remote-software-engineer-hades
"
Software Engineer
","
Reincubate ","East Coast, Europe",/remote-jobs/105609-remote-software-engineer-reincubate
"
Senior Full Stack Software Engineer
","
Tucows ",ğŸŒ Worldwide,/remote-jobs/105592-remote-senior-full-stack-software-engineer-tucows
"
Lead Developer Support
","
Tucows ",ğŸŒ Worldwide,/remote-jobs/105502-remote-lead-developer-support-tucows
"
Engineer Test
","
Tucows ",ğŸŒ Worldwide,/remote-jobs/105501-remote-engineer-test-tucows
"
Software Engineer Team Lead
","
Tucows ",ğŸŒ Worldwide,/remote-jobs/105499-remote-software-engineer-team-lead-tucows
"
Software Engineer Backend
","
Settle ",ğŸ‡ºğŸ‡¸ US,/remote-jobs/105448-remote-software-engineer-backend-settle
"
Senior Full Stack Developer Django VUE. JS 100
","
Accruvia ",ğŸŒ Worldwide,/remote-jobs/105416-remote-senior-full-stack-developer-django-vue-js-100-accruvia
"
Technical Support Engineer â€” GPU Cloud
","
Lambda ",United States & Canada,/remote-jobs/105348-remote-technical-support-engineer-gpu-cloud-lambda
"
Team Lead Cloud Infrastructure Engineering
","
Pitch ",ğŸŒ Worldwide,/remote-jobs/105316-remote-team-lead-cloud-infrastructure-engineering-pitch
"
Senior Back End Software Engineer
","
Tucows ",ğŸŒ Worldwide,/remote-jobs/105310-remote-senior-back-end-software-engineer-tucows
"
Interview Engineer
","
Karat ",ğŸŒ Worldwide,/remote-jobs/105293-remote-interview-engineer-karat
"
Software Engineer
","
Argyle ",ğŸŒ Worldwide,/remote-jobs/105285-remote-software-engineer-argyle
"
Backend Software Engineer
","
Argyle [PyJobs] ",ğŸŒ Worldwide,/remote-jobs/105124-remote-backend-software-engineer-argyle-pyjobs
"
Senior Backend Python Developer
","
FeedStock ","Europe, GMT Timezone +/- 2",/remote-jobs/105112-remote-senior-backend-python-developer-feedstock
"
Senior Backend Software Engineer Python
","
crate.io ",ğŸ‡ªğŸ‡º EU,/remote-jobs/105108-remote-senior-backend-software-engineer-python-crate-io
"
Software Engineer
","
Metrika Inc. ","EU, USA (East), Canada (East), UK, Switzerland, Norway Only",/remote-jobs/105107-remote-software-engineer-metrika-inc
"
Senior Python Engineer
","
Clevertech ",ğŸŒ Worldwide,/remote-jobs/104882-remote-senior-python-engineer-clevertech
"
Principal Applied Scientist
","
Carted ",ğŸŒ Worldwide,/remote-jobs/104842-remote-principal-applied-scientist-carted
"
Lead Backend Developer
","
Remotesome ",ğŸ‡ªğŸ‡º EU,/remote-jobs/104744-remote-lead-backend-developer-remotesome
"
Machine Learning Engineer
","
Sticker Mule ",ğŸŒ Worldwide,/remote-jobs/104675-remote-machine-learning-engineer-sticker-mule
"
Senior Fullstack Engineer
","
Remotesome ","Latam, US, Canada, EU",/remote-jobs/104605-remote-senior-fullstack-engineer-remotesome
"
Full Stack Engineer
","
OhmConnect ",US / Canada,/remote-jobs/104574-remote-full-stack-engineer-ohmconnect
"
Backend Engineer
","
OhmConnect ",US / Canada,/remote-jobs/104562-remote-backend-engineer-ohmconnect
"
Systems Engineer
","
Tucows ",ğŸŒ Worldwide,/remote-jobs/104533-remote-systems-engineer-tucows
"
React. JS Developer
","
Appsilon ",ğŸŒ Worldwide,/remote-jobs/104503-remote-react-js-developer-appsilon
"
Senior Cloud Engineer
","
Triplelift ","United States, Eastern Standard Time Zone",/remote-jobs/104498-remote-senior-cloud-engineer-triplelift
"
Senior Engineer
","
Rainforest QA ",ğŸŒ Worldwide,/remote-jobs/104495-remote-senior-engineer-rainforest-qa
"
Full Stack Developer
","
AMNESIA media ",ğŸŒ Worldwide,/remote-jobs/104488-remote-full-stack-developer-amnesia-media
"
Full Stack Software Engineer
","
GooseChase ",North America Timezones,/remote-jobs/104445-remote-full-stack-software-engineer-goosechase
"
Python React Full Stack Engineer
","
Amperon ","South America, North America",/remote-jobs/104442-remote-python-react-full-stack-engineer-amperon
"
Software Engineer Backend Python (Amer
","
Close ",Americas & European Time Zones - 100% Remote,/remote-jobs/104218-remote-software-engineer-backend-python-amer-close
"
Senior Python Django Engineer
","
Ten Spot ",ğŸ‡ºğŸ‡¸ US,/remote-jobs/104135-remote-senior-python-django-engineer-ten-spot
"
Senior Backend Engineer
","
Remotesome ","Latam, US, Canada",/remote-jobs/104111-remote-senior-backend-engineer-remotesome
"
Senior Staff Engineer
","
Shopify ","United States, Canada",/remote-jobs/104049-remote-senior-staff-engineer-shopify
"
Senior Software Development Manager
","
Shopify ","United States, Canada",/remote-jobs/104044-remote-senior-software-development-manager-shopify
"
Quality Assurance Engineer
","
Pleased.com ",ğŸŒ Worldwide,/remote-jobs/104042-remote-qa-engineer-pleased-com
"
Software Engineer
","
Argyle ",ğŸŒ Worldwide,/remote-jobs/104012-remote-software-engineer-argyle
"
Senior Backend Engineer
","
TestGorilla ",ğŸŒ Worldwide,/remote-jobs/104001-remote-senior-backend-engineer-testgorilla
"
DevOps Software Engineer
","
The Linux Foundation ",Near Gmt+10,/remote-jobs/103999-remote-devops-software-engineer-the-linux-foundation
"
Backend Data Engineer
","
Zagrava Trading ",ğŸŒ Worldwide,/remote-jobs/103986-remote-backend-data-engineer-zagrava-trading
"
Lead Frontend Engineer
","
Outside Inc ",ğŸ‡ºğŸ‡¸ US,/remote-jobs/103962-remote-lead-frontend-engineer-outside-inc
"
Computer Scientist
","
Ampcontrol ",ğŸŒ Worldwide,/remote-jobs/103951-remote-computer-scientist-ampcontrol
"
Senior Engineer Data Team
","
IPinfo ",ğŸŒ Worldwide,/remote-jobs/103938-remote-senior-engineer-data-team-ipinfo
"
Senior Software Engineer
","
Sugar ",US / Canada,/remote-jobs/103910-remote-senior-software-engineer-sugar
"
Quality Assurance Specialist
","
DataKitchen ",ğŸŒ Worldwide,/remote-jobs/103867-remote-qa-specialist-datakitchen
"
Django Developer
","
Toptal ",ğŸŒ Worldwide,/remote-jobs/103865-remote-django-developer-toptal
"
Senior Software Engineer
","
JUMO ",ğŸ‡ªğŸ‡º EU,/remote-jobs/103829-remote-senior-software-engineer-jumo
"
Senior Backend Software Developer
","
Jungle Scout ",North America and South America,/remote-jobs/103790-remote-senior-backend-software-developer-jungle-scout
"
Full Stack Engineer
","
MeetAnyway ",Emea,/remote-jobs/103750-remote-full-stack-engineer-meetanyway
"
Python Software Engineer
","
Vizibl ",ğŸ‡ªğŸ‡º EU,/remote-jobs/103724-remote-python-software-engineer-vizibl
"
Senior Open Source DevOps
","
OpenCraft GmbH ",ğŸŒ Worldwide,/remote-jobs/103611-remote-senior-open-source-devops-opencraft-gmbh
"
Software Engineer Data Infra
","
Doximity ",ğŸ‡ºğŸ‡¸ US,/remote-jobs/103575-remote-software-engineer-data-infra-doximity
"
Backend Web Developer
","
Kettle ",ğŸŒ Worldwide,/remote-jobs/103568-remote-backend-web-developer-kettle
"
Protocol Engineer
","
Status ",ğŸŒ Worldwide,/remote-jobs/103514-remote-protocol-engineer-status
"
Python Developer
","
Ampcontrol ","Europe, United States, Canada, America, EU, Worldwide",/remote-jobs/103491-remote-python-developer-ampcontrol
"
Quality Assurance Automation Engineer
","
Pitch ",ğŸŒ Worldwide,/remote-jobs/103486-remote-qa-automation-engineer-pitch
"
Staff Data Scientist
","
Shopify ","Canada, United States",/remote-jobs/103485-remote-staff-data-scientist-shopify
"
Senior Data Scientist
","
Shopify ","United States, Canada",/remote-jobs/103484-remote-senior-data-scientist-shopify
"
Software Engineer
","
Argyle ","Europe, South America, Singapore, Taiwan, Thailand, Philippines",/remote-jobs/103424-remote-software-engineer-argyle
"
DevOps Engineer
","
Kontist ",ğŸ‡ªğŸ‡º EU,/remote-jobs/101122-remote-devops-engineer-kontist
"
Senior Full Stack Engineer
","
Synthesia ",Cet -1/+1,/remote-jobs/103245-remote-senior-full-stack-engineer-synthesia
"
Senior Software Engineer
","
Administrate ",ğŸ‡ºğŸ‡¸ US,/remote-jobs/103216-remote-senior-software-engineer-administrate
"
Senior Open Source Developer DevOps
","
OpenCraft ",ğŸŒ Worldwide,/remote-jobs/103181-remote-senior-open-source-developer-devops-opencraft
"
Lead Salesforce Architect
","
Georgia Institute of Technology ",ğŸ‡ºğŸ‡¸ US,/remote-jobs/103119-remote-lead-salesforce-architect-georgia-institute-of-technology
"
Lead Salesforce Developer
","
Georgia Institute of Technology ",ğŸ‡ºğŸ‡¸ US,/remote-jobs/103115-remote-lead-salesforce-developer-georgia-institute-of-technology
"
Staff Data Scientist
","
Shopify ","United States, Canada",/remote-jobs/102861-remote-staff-data-scientist-shopify
"
Senior Fullstack Engineer
","
Remotesome ","Latam, US, CA",/remote-jobs/102723-remote-senior-fullstack-engineer-remotesome
"
Senior Python Developer
","
n.exchange ",ğŸ’° $65k - $115k*,/remote-jobs/107185-remote-senior-python-developer-n-exchange
"
Technical Support Engineer
","
Automox ",United States (Remote),/remote-jobs/107021-remote-technical-support-engineer-automox
"
Engineering Manager â€” Data Platform
","
Automox ",United States (Remote),/remote-jobs/107020-remote-engineering-manager-data-platform-automox
"
Software Engineer Test Python
","
Automox ",United States (Remote),/remote-jobs/107019-remote-software-engineer-test-python-automox
"
Python Entwickler*in
","
Ambient ",ğŸ’° $60k - $110k*,/remote-jobs/106941-remote-python-entwicklerin-ambient
"
Software Engineer Python
","
Engooden Health ",ğŸ’° $65k - $115k*,/remote-jobs/106835-remote-software-engineer-python-engooden-health
"
Senior Python Engineer Backend
","
AssemblyAI ",ğŸ’° $70k - $120k*,/remote-jobs/106253-remote-senior-python-engineer-backend-assemblyai
"
Python Back End Engineer
","
Loadsmart ",SÃ£o Paulo / Remote,/remote-jobs/106209-remote-python-back-end-engineer-loadsmart
"
Senior Full Stack Engineer
","
Divvy Homes ",ğŸ’° $70k - $120k*,/remote-jobs/104923-remote-senior-full-stack-engineer-divvy-homes
"
Senior Data Scientist
","
Divvy Homes ",ğŸ’° $70k - $120k*,/remote-jobs/104922-remote-senior-data-scientist-divvy-homes
"
Strategic Partner Manager
","
Gorgias ",ğŸ’° $70k - $120k*,/remote-jobs/104921-remote-strategic-partner-manager-gorgias
"
Senior Fullstack Engineer Python JavaScript
","
Gorgias ",ğŸ’° $70k - $120k*,/remote-jobs/104920-remote-senior-fullstack-engineer-python-js-gorgias
"
Python Back End Developer TNX Logistics 100
","
Transporeon ",ğŸ’° $60k - $110k*,/remote-jobs/104861-remote-python-back-end-developer-tnx-logistics-100-transporeon
"
Senior Full Stack Django Python Developer
","
Uncommon Giving ",ğŸ’° $60k - $110k*,/remote-jobs/104451-remote-senior-full-stack-django-python-developer-uncommon-giving
"
Software Developer Python
","
Univention ",ğŸ’° $60k - $110k*,/remote-jobs/104178-remote-software-developer-python-univention
"
Python Backend Developer
","
Cobblestone Energy ",ğŸ’° $60k - $110k*,/remote-jobs/103955-remote-python-backend-developer-cobblestone-energy
"
Python Developer
","
SKY Group ",ğŸ’° $60k - $110k*,/remote-jobs/103689-remote-python-developer-sky-group
"
Python Developer
","
IMS ",ğŸ’° $60k - $110k*,/remote-jobs/103665-remote-python-developer-ims
"
Python Backend Developer
","
Werum IT Solutions -yght Data Science ",ğŸ’° $60k - $110k*,/remote-jobs/103614-remote-python-backend-developer-werum-it-solutions-yght-data-science
"
Senior Python Developer Itemize
","
FinTech AI Company ",ğŸ’° $65k - $115k*,/remote-jobs/103495-remote-senior-python-developer-itemize-fintech-ai-company
"
Senior Software Engineer Python
","
Genesys ",ğŸ’° $70k - $120k*,/remote-jobs/103305-remote-senior-software-engineer-python-genesys
"
Enthousiastic Full Stack Developer With A Python Django Preference
","
Apicbase Belgium ",ğŸ’° $60k - $110k*,/remote-jobs/103040-remote-enthousiastic-full-stack-developer-with-a-python-django-preference-apicbase-belgium
"
Python Backend Developer
","
Favox ",ğŸ’° $60k - $110k*,/remote-jobs/102836-remote-python-backend-developer-favox
"
Senior Python Developer
","
CitNOW Video ",ğŸ’° $65k - $115k*,/remote-jobs/102832-remote-senior-python-developer-citnow-video
